"ns","id","st","sev","ll","tmpl"
"1","1","1","4","1","Default Event."
"1","2","2","4","2","Retail Log event."
"1","3","3","4","3","Debug Log event."
"1","121","10","1","1","Inventory: Faied to download rule file"
"1","122","11","1","1","Inventory: Faied to process rule file"
"1","123","11","1","1","Inventory: Faied to collect inventory data"
"1","124","12","1","1","Inventory: Faied to upload result data"
"1","125","11","1","1","Inventory: Operational failure"
"1","126","11","4","1","Inventory: Successfully collected the inventory data"
"1","147","6","4","5","Windows Update Client successfully detected %1 updates."
"1","148","6","1","5","Windows Update Client failed to detect with error %1."
"1","149","6","1","4","Unable to Connect: Windows is unable to connect to the automatic updates service and therefore cannot download and install updates according to the set schedule. Windows will continue to try to establish a connection."
"1","153","5","4","1","Reporting client status."
"1","154","6","1","1","Client has an invalid Pid."
"1","155","6","4","4",""
"1","156","5","4","1","Reporting client status."
"1","161","7","1","5","Error: Download failed."
"1","162","7","4","5","Download succeeded."
"1","163","7","4","1","Download canceled."
"1","164","7","4","5","Download succeeded. Some bits came from a peer and not the server."
"1","167","7","4","5","Download started."
"1","168","7","4","5","Download queued."
"1","181","8","4","5","Installation Started: Windows has started installing the following update: %1"
"1","182","8","1","5","Installation Failure: Windows failed to install the following update with error %1: %2."
"1","183","8","4","5","Installation Successful: Windows successfully installed the following update: %1"
"1","184","8","4","5","Installation successful and restart required for the following update: %1"
"1","185","8","4","1","Hide update: user hid one update."
"1","186","8","4","1","User cancelled the installation."
"1","187","8","1","5","Installation killed: Installation of the following update is killed by the agent: %2"
"1","188","8","4","4","Installation Ready: The following updates are downloaded and ready for installation. This computer is currently scheduled to install these updates on %1 at %2: %3"
"1","189","8","4","4","Installation Ready: The following updates are downloaded and ready for installation. To install the updates, an administrator should log on to this computer and Windows will prompt with further instructions: %1"
"1","190","8","4","5","Installation Successful: Windows successfully installed the following update: %1"
"1","191","8","4","5","Installation successful and restart required for the following update: %1"
"1","192","8","1","5","Installation killed: Installation of the following update is killed by the agent: %2"
"1","193","8","4","4","Restart Required: To complete the installation of the following updates, the computer must be restarted. Until this computer has been restarted, Windows cannot search for or download new updates: %1"
"1","194","8","4","4","Restart Required: To complete the installation of the following updates, the computer will be restarted within %1 minutes: %2"
"1","195","8","1","5","Installation Failure: Windows failed to install the following update with error %1: %2."
"1","196","8","4","1","Unhide update: user unhid one update."
"1","197","8","4","5","Installation Successful: Windows successfully installed the following update: %1"
"1","198","8","1","5","Installation Failure: Windows failed to install the following update with error %1: %2."
"1","199","8","4","5","Installation successful and restart required for the following update: %1"
"1","200","8","1","5","Installation killed: Installation of the following update is killed by the agent: %2"
"1","201","8","4","1","Installation pending."
"1","202","8","4","1","Reboot completed."
"1","203","8","4","5","Installation succeeded Post Reboot."
"1","204","8","1","1","Installation Failure Post Reboot."
"1","221","9","1","5","Uninstallation Failure: Windows failed to uninstall the following update with error %1: %2."
"1","222","9","4","5","Uninstallation Successful: Windows successfully uninstalled the following update: %1."
"1","223","9","4","1","User cancelled the uninstall."
"1","224","9","4","5","Uninstallation successful and restart required for the following update: %1."
"1","225","9","1","5","Uninstallation killed: Uninstallation of the following update is killed by the agent: %2."
"1","226","9","1","5","Uninstallation Started: Windows has started installing the following update: %1"
"1","241","13","4","4",""
"1","242","13","4","4",""
"1","243","14","4","4",""
"1","244","14","4","4",""
"1","245","13","4","4",""
"1","251","14","4","4",""
"1","252","14","4","4",""
"1","253","14","4","4",""
"1","254","14","4","4",""
"1","271","4","4","4",""
"1","272","4","4","4",""
"1","273","4","4","4",""
"1","274","4","4","4",""
"1","281","6","4","4",""
"1","282","6","4","4",""
"1","283","6","4","4",""
"1","284","6","4","4",""
"1","285","6","4","4",""
"1","286","6","4","4",""
"1","287","6","4","4",""
"1","288","6","4","4",""
"1","289","6","4","4",""
"1","290","6","4","4",""
"1","291","6","4","4",""
"1","292","6","4","4",""
"1","293","6","4","4",""
"1","294","6","4","4",""
"1","295","6","4","4",""
"1","296","6","4","4",""
"1","298","6","4","4",""
"1","299","6","4","4",""
"1","501","6","4","4",""
"1","502","6","4","4",""
"1","503","6","4","4",""
"1","504","6","4","4",""
"1","505","6","4","4",""
"1","506","6","4","4",""
"1","507","6","4","4",""
"1","508","6","4","4",""
"1","509","6","4","4",""
"1","510","6","4","4",""
"1","511","6","4","4",""
"1","512","6","4","4",""
"1","521","16","4","5","Commit Started: Windows has started committing the following update: %1"
"1","522","16","1","5","Commit Failure: Windows failed to commit the following update with error %1: %2."
"1","523","16","4","5","Commit Successful: Windows successfully committed the following update: %1."
"1","524","16","4","1","Commit cancelled by agent."
"1","525","16","1","5","Commit terminated: Commit of the following update is terminated by the agent: %2."
"1","541","15","1","5","Revert Failure: Windows failed to revert the following update with error %1: %2."
"1","542","15","4","5","Revert Successful: Windows successfully reverted the following update: %1."
"1","543","15","4","1","User cancelled the revert."
"1","544","15","4","5","Revert successful and restart required for the following update: %1."
"1","545","15","1","5","Revert terminated: Revert of the following update is terminated by the agent: %2."
"1","546","15","4","5","Revert Started: Windows has started reverting the following update: %1"

